structure,n,insert_s,search_s,delete_s,traverse_s,mem_peak_bytes,height,comparisons,rotations,collisions
BST,10000,0.12224040000000969,0.0009842000144999474,0.0011935000075027347,0.0008816999907139689,1048536,32,170771,0,0
BST,50000,0.7531828999926802,0.0011008000001311302,0.001808000000892207,0.005361599993193522,5244592,40,967672,0,0
BST,100000,1.506827399978647,0.0010291000071447343,0.0030326999840326607,0.016864800010807812,10401200,42,2061832,0,0
