structure,n,insert_s,search_s,delete_s,traverse_s,mem_peak_bytes,height,comparisons,rotations,collisions
BST,10000,3.5479469999845605,0.036403600010089576,0.009899700002279133,0.0008301000052597374,1045392,1755,5353691,0,0
BST,50000,6.081275299977278,0.04012960000545718,0.0035191999922972172,0.005181999993510544,5244592,1755,9091099,0,0
BST,100000,7.756625799986068,0.034581199986860156,0.002274799975566566,0.008622199995443225,10401200,1756,11769559,0,0
