structure,n,insert_s,search_s,delete_s,traverse_s,mem_peak_bytes,comparisons,rotations,collisions
DynamicArray,10000,0.0006536999717354774,0.03247509998618625,0.07850779997534119,5.629999213851988e-05,170480,500500,0,0
DynamicArray,50000,0.004260000016074628,0.02258869999786839,0.40429279999807477,0.0002851999888662249,888880,500500,0,0
