structure,n,insert_s,search_s,delete_s,traverse_s,mem_peak_bytes,comparisons,rotations,collisions
DynamicArray,10000,0.0006309000018518418,0.024153599981218576,0.07534000001032837,5.429997690953314e-05,170480,500500,0,0
DynamicArray,50000,0.002749000006588176,0.023692999995546415,0.48426960001233965,0.00029200001154094934,888880,500500,0,0
DynamicArray,100000,0.0053524000104516745,0.02759919999516569,0.8763599999947473,0.0007122000097297132,1602096,500500,0,0
