structure,n,insert_s,search_s,delete_s,traverse_s,mem_peak_bytes,comparisons,rotations,collisions
DynamicArray,10000,0.0008702000195626169,0.0014862999960314482,0.002976099989609793,8.6499989265576e-05,170480,22500,0,0
DynamicArray,50000,0.003496299992548302,0.0017345999949611723,0.013233000005129725,0.0003507999936118722,888880,22500,0,0
DynamicArray,100000,0.0072579999978188425,0.0012568999954964966,0.02745839999988675,0.0006054000114090741,1602096,22500,0,0
